{"class_name": "Tokenizer", "config": {"num_words": 100, "filters": "!\"#$%&()*+,-./:;<=>?@[\\]^_`{|}~\t\n", "lower": true, "split": " ", "char_level": false, "oov_token": null, "document_count": 42, "word_counts": "{\"hi\": 1, \"hey\": 1, \"is\": 5, \"anyone\": 1, \"there\": 12, \"hello\": 1, \"hay\": 1, \"what\": 11, \"are\": 18, \"the\": 8, \"visa\": 2, \"requirements\": 2, \"for\": 7, \"visiting\": 2, \"egypt\": 9, \"how\": 3, \"do\": 2, \"i\": 17, \"obtain\": 1, \"a\": 4, \"tourist\": 3, \"any\": 12, \"entry\": 1, \"restrictions\": 2, \"or\": 10, \"due\": 1, \"to\": 3, \"covid\": 1, \"19\": 1, \"safe\": 1, \"destination\": 1, \"tourists\": 1, \"specific\": 2, \"safety\": 1, \"precautions\": 1, \"should\": 12, \"be\": 6, \"aware\": 5, \"of\": 6, \"areas\": 2, \"avoid\": 1, \"as\": 1, \"transportation\": 2, \"options\": 2, \"available\": 2, \"within\": 1, \"get\": 1, \"from\": 1, \"airport\": 1, \"my\": 3, \"accommodation\": 2, \"recommended\": 2, \"modes\": 1, \"traveling\": 1, \"between\": 1, \"cities\": 1, \"attractions\": 3, \"some\": 3, \"hotels\": 1, \"accommodations\": 1, \"in\": 10, \"cairo\": 1, \"budget\": 1, \"friendly\": 1, \"can\": 4, \"book\": 1, \"advance\": 1, \"must\": 1, \"visit\": 2, \"you\": 4, \"recommend\": 2, \"guided\": 1, \"tours\": 1, \"experiences\": 1, \"lesser\": 1, \"known\": 2, \"hidden\": 1, \"gems\": 1, \"worth\": 1, \"exploring\": 1, \"cultural\": 1, \"norms\": 1, \"and\": 2, \"etiquette\": 1, \"dress\": 1, \"code\": 1, \"follow\": 1, \"when\": 1, \"religious\": 1, \"sites\": 1, \"customs\": 2, \"traditions\": 1, \"observe\": 1, \"during\": 1, \"traditional\": 1, \"egyptian\": 1, \"dishes\": 1, \"try\": 1, \"restaurants\": 1, \"street\": 1, \"food\": 1, \"vendors\": 1, \"authentic\": 1, \"cuisine\": 1, \"dietary\": 1, \"considerations\": 2, \"languages\": 1, \"commonly\": 1, \"spoken\": 1, \"will\": 1, \"able\": 1, \"communicate\": 1, \"english\": 1, \"most\": 1, \"useful\": 1, \"phrases\": 1, \"words\": 1, \"learn\": 1, \"arabic\": 1, \"weather\": 1, \"seasonal\": 1, \"pack\": 1, \"trip\": 1, \"considering\": 1, \"climate\": 1, \"currency\": 1, \"used\": 1, \"where\": 1, \"exchange\": 1, \"money\": 1, \"credit\": 1, \"cards\": 1, \"widely\": 1, \"accepted\": 1, \"carry\": 1, \"cash\": 1, \"tipping\": 1, \"thanks\": 2, \"thank\": 1, \"that's\": 1, \"helpful\": 1, \"help\": 1, \"bye\": 1, \"see\": 1, \"later\": 1, \"goodbye\": 1}", "word_docs": "{\"hi\": 1, \"hey\": 1, \"is\": 5, \"anyone\": 1, \"there\": 12, \"hello\": 1, \"hay\": 1, \"visa\": 2, \"requirements\": 2, \"are\": 18, \"the\": 8, \"what\": 11, \"for\": 7, \"visiting\": 2, \"egypt\": 9, \"how\": 3, \"do\": 2, \"obtain\": 1, \"a\": 4, \"tourist\": 3, \"i\": 17, \"covid\": 1, \"to\": 3, \"or\": 10, \"restrictions\": 2, \"19\": 1, \"due\": 1, \"entry\": 1, \"any\": 12, \"destination\": 1, \"safe\": 1, \"tourists\": 1, \"aware\": 5, \"of\": 6, \"be\": 6, \"safety\": 1, \"specific\": 2, \"precautions\": 1, \"should\": 12, \"as\": 1, \"areas\": 2, \"avoid\": 1, \"options\": 2, \"within\": 1, \"transportation\": 2, \"available\": 2, \"my\": 3, \"accommodation\": 2, \"get\": 1, \"from\": 1, \"airport\": 1, \"attractions\": 3, \"between\": 1, \"cities\": 1, \"traveling\": 1, \"recommended\": 2, \"modes\": 1, \"hotels\": 1, \"cairo\": 1, \"some\": 3, \"in\": 9, \"accommodations\": 1, \"friendly\": 1, \"budget\": 1, \"advance\": 1, \"book\": 1, \"can\": 4, \"must\": 1, \"visit\": 2, \"guided\": 1, \"tours\": 1, \"you\": 4, \"recommend\": 2, \"experiences\": 1, \"known\": 2, \"lesser\": 1, \"hidden\": 1, \"gems\": 1, \"exploring\": 1, \"worth\": 1, \"cultural\": 1, \"and\": 2, \"norms\": 1, \"etiquette\": 1, \"when\": 1, \"code\": 1, \"follow\": 1, \"sites\": 1, \"dress\": 1, \"religious\": 1, \"during\": 1, \"traditions\": 1, \"observe\": 1, \"customs\": 2, \"egyptian\": 1, \"dishes\": 1, \"traditional\": 1, \"try\": 1, \"restaurants\": 1, \"vendors\": 1, \"food\": 1, \"cuisine\": 1, \"street\": 1, \"authentic\": 1, \"dietary\": 1, \"considerations\": 2, \"spoken\": 1, \"languages\": 1, \"commonly\": 1, \"will\": 1, \"communicate\": 1, \"english\": 1, \"most\": 1, \"able\": 1, \"useful\": 1, \"arabic\": 1, \"words\": 1, \"learn\": 1, \"phrases\": 1, \"weather\": 1, \"seasonal\": 1, \"considering\": 1, \"climate\": 1, \"trip\": 1, \"pack\": 1, \"currency\": 1, \"used\": 1, \"where\": 1, \"exchange\": 1, \"money\": 1, \"cash\": 1, \"accepted\": 1, \"credit\": 1, \"widely\": 1, \"cards\": 1, \"carry\": 1, \"tipping\": 1, \"thanks\": 2, \"thank\": 1, \"that's\": 1, \"helpful\": 1, \"help\": 1, \"bye\": 1, \"later\": 1, \"see\": 1, \"goodbye\": 1}", "index_docs": "{\"44\": 1, \"45\": 1, \"14\": 5, \"46\": 1, \"3\": 12, \"47\": 1, \"48\": 1, \"25\": 2, \"26\": 2, \"1\": 18, \"10\": 8, \"6\": 11, \"11\": 7, \"27\": 2, \"9\": 9, \"19\": 3, \"28\": 2, \"49\": 1, \"16\": 4, \"20\": 3, \"2\": 17, \"52\": 1, \"21\": 3, \"7\": 10, \"29\": 2, \"53\": 1, \"51\": 1, \"50\": 1, \"4\": 12, \"55\": 1, \"54\": 1, \"56\": 1, \"15\": 5, \"13\": 6, \"12\": 6, \"57\": 1, \"30\": 2, \"58\": 1, \"5\": 12, \"60\": 1, \"31\": 2, \"59\": 1, \"33\": 2, \"61\": 1, \"32\": 2, \"34\": 2, \"22\": 3, \"35\": 2, \"62\": 1, \"63\": 1, \"64\": 1, \"23\": 3, \"67\": 1, \"68\": 1, \"66\": 1, \"36\": 2, \"65\": 1, \"69\": 1, \"71\": 1, \"24\": 3, \"8\": 9, \"70\": 1, \"73\": 1, \"72\": 1, \"75\": 1, \"74\": 1, \"17\": 4, \"76\": 1, \"37\": 2, \"77\": 1, \"78\": 1, \"18\": 4, \"38\": 2, \"79\": 1, \"39\": 2, \"80\": 1, \"81\": 1, \"82\": 1, \"84\": 1, \"83\": 1, \"85\": 1, \"40\": 2, \"86\": 1, \"87\": 1, \"91\": 1, \"89\": 1, \"90\": 1, \"93\": 1, \"88\": 1, \"92\": 1, \"96\": 1, \"94\": 1, \"95\": 1, \"41\": 2, \"98\": 1, \"99\": 1, \"97\": 1, \"100\": 1, \"101\": 1, \"104\": 1, \"103\": 1, \"106\": 1, \"102\": 1, \"105\": 1, \"107\": 1, \"42\": 2, \"110\": 1, \"108\": 1, \"109\": 1, \"111\": 1, \"113\": 1, \"114\": 1, \"115\": 1, \"112\": 1, \"116\": 1, \"120\": 1, \"118\": 1, \"119\": 1, \"117\": 1, \"121\": 1, \"122\": 1, \"125\": 1, \"126\": 1, \"124\": 1, \"123\": 1, \"127\": 1, \"128\": 1, \"129\": 1, \"130\": 1, \"131\": 1, \"137\": 1, \"135\": 1, \"132\": 1, \"134\": 1, \"133\": 1, \"136\": 1, \"138\": 1, \"43\": 2, \"139\": 1, \"140\": 1, \"141\": 1, \"142\": 1, \"143\": 1, \"145\": 1, \"144\": 1, \"146\": 1}", "index_word": "{\"1\": \"are\", \"2\": \"i\", \"3\": \"there\", \"4\": \"any\", \"5\": \"should\", \"6\": \"what\", \"7\": \"or\", \"8\": \"in\", \"9\": \"egypt\", \"10\": \"the\", \"11\": \"for\", \"12\": \"be\", \"13\": \"of\", \"14\": \"is\", \"15\": \"aware\", \"16\": \"a\", \"17\": \"can\", \"18\": \"you\", \"19\": \"how\", \"20\": \"tourist\", \"21\": \"to\", \"22\": \"my\", \"23\": \"attractions\", \"24\": \"some\", \"25\": \"visa\", \"26\": \"requirements\", \"27\": \"visiting\", \"28\": \"do\", \"29\": \"restrictions\", \"30\": \"specific\", \"31\": \"areas\", \"32\": \"transportation\", \"33\": \"options\", \"34\": \"available\", \"35\": \"accommodation\", \"36\": \"recommended\", \"37\": \"visit\", \"38\": \"recommend\", \"39\": \"known\", \"40\": \"and\", \"41\": \"customs\", \"42\": \"considerations\", \"43\": \"thanks\", \"44\": \"hi\", \"45\": \"hey\", \"46\": \"anyone\", \"47\": \"hello\", \"48\": \"hay\", \"49\": \"obtain\", \"50\": \"entry\", \"51\": \"due\", \"52\": \"covid\", \"53\": \"19\", \"54\": \"safe\", \"55\": \"destination\", \"56\": \"tourists\", \"57\": \"safety\", \"58\": \"precautions\", \"59\": \"avoid\", \"60\": \"as\", \"61\": \"within\", \"62\": \"get\", \"63\": \"from\", \"64\": \"airport\", \"65\": \"modes\", \"66\": \"traveling\", \"67\": \"between\", \"68\": \"cities\", \"69\": \"hotels\", \"70\": \"accommodations\", \"71\": \"cairo\", \"72\": \"budget\", \"73\": \"friendly\", \"74\": \"book\", \"75\": \"advance\", \"76\": \"must\", \"77\": \"guided\", \"78\": \"tours\", \"79\": \"experiences\", \"80\": \"lesser\", \"81\": \"hidden\", \"82\": \"gems\", \"83\": \"worth\", \"84\": \"exploring\", \"85\": \"cultural\", \"86\": \"norms\", \"87\": \"etiquette\", \"88\": \"dress\", \"89\": \"code\", \"90\": \"follow\", \"91\": \"when\", \"92\": \"religious\", \"93\": \"sites\", \"94\": \"traditions\", \"95\": \"observe\", \"96\": \"during\", \"97\": \"traditional\", \"98\": \"egyptian\", \"99\": \"dishes\", \"100\": \"try\", \"101\": \"restaurants\", \"102\": \"street\", \"103\": \"food\", \"104\": \"vendors\", \"105\": \"authentic\", \"106\": \"cuisine\", \"107\": \"dietary\", \"108\": \"languages\", \"109\": \"commonly\", \"110\": \"spoken\", \"111\": \"will\", \"112\": \"able\", \"113\": \"communicate\", \"114\": \"english\", \"115\": \"most\", \"116\": \"useful\", \"117\": \"phrases\", \"118\": \"words\", \"119\": \"learn\", \"120\": \"arabic\", \"121\": \"weather\", \"122\": \"seasonal\", \"123\": \"pack\", \"124\": \"trip\", \"125\": \"considering\", \"126\": \"climate\", \"127\": \"currency\", \"128\": \"used\", \"129\": \"where\", \"130\": \"exchange\", \"131\": \"money\", \"132\": \"credit\", \"133\": \"cards\", \"134\": \"widely\", \"135\": \"accepted\", \"136\": \"carry\", \"137\": \"cash\", \"138\": \"tipping\", \"139\": \"thank\", \"140\": \"that's\", \"141\": \"helpful\", \"142\": \"help\", \"143\": \"bye\", \"144\": \"see\", \"145\": \"later\", \"146\": \"goodbye\"}", "word_index": "{\"are\": 1, \"i\": 2, \"there\": 3, \"any\": 4, \"should\": 5, \"what\": 6, \"or\": 7, \"in\": 8, \"egypt\": 9, \"the\": 10, \"for\": 11, \"be\": 12, \"of\": 13, \"is\": 14, \"aware\": 15, \"a\": 16, \"can\": 17, \"you\": 18, \"how\": 19, \"tourist\": 20, \"to\": 21, \"my\": 22, \"attractions\": 23, \"some\": 24, \"visa\": 25, \"requirements\": 26, \"visiting\": 27, \"do\": 28, \"restrictions\": 29, \"specific\": 30, \"areas\": 31, \"transportation\": 32, \"options\": 33, \"available\": 34, \"accommodation\": 35, \"recommended\": 36, \"visit\": 37, \"recommend\": 38, \"known\": 39, \"and\": 40, \"customs\": 41, \"considerations\": 42, \"thanks\": 43, \"hi\": 44, \"hey\": 45, \"anyone\": 46, \"hello\": 47, \"hay\": 48, \"obtain\": 49, \"entry\": 50, \"due\": 51, \"covid\": 52, \"19\": 53, \"safe\": 54, \"destination\": 55, \"tourists\": 56, \"safety\": 57, \"precautions\": 58, \"avoid\": 59, \"as\": 60, \"within\": 61, \"get\": 62, \"from\": 63, \"airport\": 64, \"modes\": 65, \"traveling\": 66, \"between\": 67, \"cities\": 68, \"hotels\": 69, \"accommodations\": 70, \"cairo\": 71, \"budget\": 72, \"friendly\": 73, \"book\": 74, \"advance\": 75, \"must\": 76, \"guided\": 77, \"tours\": 78, \"experiences\": 79, \"lesser\": 80, \"hidden\": 81, \"gems\": 82, \"worth\": 83, \"exploring\": 84, \"cultural\": 85, \"norms\": 86, \"etiquette\": 87, \"dress\": 88, \"code\": 89, \"follow\": 90, \"when\": 91, \"religious\": 92, \"sites\": 93, \"traditions\": 94, \"observe\": 95, \"during\": 96, \"traditional\": 97, \"egyptian\": 98, \"dishes\": 99, \"try\": 100, \"restaurants\": 101, \"street\": 102, \"food\": 103, \"vendors\": 104, \"authentic\": 105, \"cuisine\": 106, \"dietary\": 107, \"languages\": 108, \"commonly\": 109, \"spoken\": 110, \"will\": 111, \"able\": 112, \"communicate\": 113, \"english\": 114, \"most\": 115, \"useful\": 116, \"phrases\": 117, \"words\": 118, \"learn\": 119, \"arabic\": 120, \"weather\": 121, \"seasonal\": 122, \"pack\": 123, \"trip\": 124, \"considering\": 125, \"climate\": 126, \"currency\": 127, \"used\": 128, \"where\": 129, \"exchange\": 130, \"money\": 131, \"credit\": 132, \"cards\": 133, \"widely\": 134, \"accepted\": 135, \"carry\": 136, \"cash\": 137, \"tipping\": 138, \"thank\": 139, \"that's\": 140, \"helpful\": 141, \"help\": 142, \"bye\": 143, \"see\": 144, \"later\": 145, \"goodbye\": 146}"}}